<annotation>
	<folder>train</folder>
	<filename>1.jpg</filename>
	<path>D:\xladv\images\train\1.jpg</path>
	<source>
		<database>Unknown</database>
	</source>
	<size>
		<width>900</width>
		<height>639</height>
		<depth>3</depth>
	</size>
	<segmented>0</segmented>
	<object>
		<name>ban</name>
		<pose>Unspecified</pose>
		<truncated>0</truncated>
		<difficult>0</difficult>
		<bndbox>
			<xmin>57</xmin>
			<ymin>204</ymin>
			<xmax>816</xmax>
			<ymax>619</ymax>
		</bndbox>
	</object>
</annotation>
