<annotation>
	<folder>train</folder>
	<filename>102.jpg</filename>
	<path>D:\xladv\images\train\102.jpg</path>
	<source>
		<database>Unknown</database>
	</source>
	<size>
		<width>600</width>
		<height>375</height>
		<depth>3</depth>
	</size>
	<segmented>0</segmented>
	<object>
		<name>ghe</name>
		<pose>Unspecified</pose>
		<truncated>0</truncated>
		<difficult>0</difficult>
		<bndbox>
			<xmin>345</xmin>
			<ymin>76</ymin>
			<xmax>591</xmax>
			<ymax>373</ymax>
		</bndbox>
	</object>
</annotation>
