<annotation>
	<folder>train</folder>
	<filename>103.jpg</filename>
	<path>D:\xladv\images\train\103.jpg</path>
	<source>
		<database>Unknown</database>
	</source>
	<size>
		<width>600</width>
		<height>599</height>
		<depth>3</depth>
	</size>
	<segmented>0</segmented>
	<object>
		<name>ghe</name>
		<pose>Unspecified</pose>
		<truncated>0</truncated>
		<difficult>0</difficult>
		<bndbox>
			<xmin>186</xmin>
			<ymin>149</ymin>
			<xmax>456</xmax>
			<ymax>584</ymax>
		</bndbox>
	</object>
</annotation>
