<annotation>
	<folder>train</folder>
	<filename>106.jpg</filename>
	<path>D:\xladv\images\train\106.jpg</path>
	<source>
		<database>Unknown</database>
	</source>
	<size>
		<width>900</width>
		<height>491</height>
		<depth>3</depth>
	</size>
	<segmented>0</segmented>
	<object>
		<name>ghe</name>
		<pose>Unspecified</pose>
		<truncated>0</truncated>
		<difficult>0</difficult>
		<bndbox>
			<xmin>175</xmin>
			<ymin>16</ymin>
			<xmax>698</xmax>
			<ymax>478</ymax>
		</bndbox>
	</object>
</annotation>
