<annotation>
	<folder>train</folder>
	<filename>108.jpg</filename>
	<path>D:\xladv\images\train\108.jpg</path>
	<source>
		<database>Unknown</database>
	</source>
	<size>
		<width>600</width>
		<height>510</height>
		<depth>3</depth>
	</size>
	<segmented>0</segmented>
	<object>
		<name>ghe</name>
		<pose>Unspecified</pose>
		<truncated>0</truncated>
		<difficult>0</difficult>
		<bndbox>
			<xmin>35</xmin>
			<ymin>22</ymin>
			<xmax>322</xmax>
			<ymax>492</ymax>
		</bndbox>
	</object>
	<object>
		<name>ghe</name>
		<pose>Unspecified</pose>
		<truncated>0</truncated>
		<difficult>0</difficult>
		<bndbox>
			<xmin>360</xmin>
			<ymin>24</ymin>
			<xmax>585</xmax>
			<ymax>493</ymax>
		</bndbox>
	</object>
</annotation>
