<annotation>
	<folder>train</folder>
	<filename>109.jpg</filename>
	<path>D:\xladv\images\train\109.jpg</path>
	<source>
		<database>Unknown</database>
	</source>
	<size>
		<width>712</width>
		<height>534</height>
		<depth>3</depth>
	</size>
	<segmented>0</segmented>
	<object>
		<name>ghe</name>
		<pose>Unspecified</pose>
		<truncated>0</truncated>
		<difficult>0</difficult>
		<bndbox>
			<xmin>88</xmin>
			<ymin>243</ymin>
			<xmax>264</xmax>
			<ymax>503</ymax>
		</bndbox>
	</object>
	<object>
		<name>ghe</name>
		<pose>Unspecified</pose>
		<truncated>0</truncated>
		<difficult>0</difficult>
		<bndbox>
			<xmin>257</xmin>
			<ymin>207</ymin>
			<xmax>374</xmax>
			<ymax>388</ymax>
		</bndbox>
	</object>
	<object>
		<name>ghe</name>
		<pose>Unspecified</pose>
		<truncated>0</truncated>
		<difficult>0</difficult>
		<bndbox>
			<xmin>431</xmin>
			<ymin>209</ymin>
			<xmax>557</xmax>
			<ymax>415</ymax>
		</bndbox>
	</object>
	<object>
		<name>ban</name>
		<pose>Unspecified</pose>
		<truncated>0</truncated>
		<difficult>0</difficult>
		<bndbox>
			<xmin>269</xmin>
			<ymin>251</ymin>
			<xmax>459</xmax>
			<ymax>475</ymax>
		</bndbox>
	</object>
	<object>
		<name>coc</name>
		<pose>Unspecified</pose>
		<truncated>0</truncated>
		<difficult>0</difficult>
		<bndbox>
			<xmin>377</xmin>
			<ymin>244</ymin>
			<xmax>400</xmax>
			<ymax>260</ymax>
		</bndbox>
	</object>
</annotation>
