<annotation>
	<folder>train</folder>
	<filename>110.jpg</filename>
	<path>D:\xladv\images\train\110.jpg</path>
	<source>
		<database>Unknown</database>
	</source>
	<size>
		<width>400</width>
		<height>400</height>
		<depth>3</depth>
	</size>
	<segmented>0</segmented>
	<object>
		<name>ghe</name>
		<pose>Unspecified</pose>
		<truncated>0</truncated>
		<difficult>0</difficult>
		<bndbox>
			<xmin>100</xmin>
			<ymin>56</ymin>
			<xmax>330</xmax>
			<ymax>391</ymax>
		</bndbox>
	</object>
</annotation>
