<annotation>
	<folder>train</folder>
	<filename>113.jpg</filename>
	<path>D:\xladv\images\train\113.jpg</path>
	<source>
		<database>Unknown</database>
	</source>
	<size>
		<width>800</width>
		<height>800</height>
		<depth>3</depth>
	</size>
	<segmented>0</segmented>
	<object>
		<name>ghe</name>
		<pose>Unspecified</pose>
		<truncated>0</truncated>
		<difficult>0</difficult>
		<bndbox>
			<xmin>237</xmin>
			<ymin>298</ymin>
			<xmax>628</xmax>
			<ymax>698</ymax>
		</bndbox>
	</object>
</annotation>
