<annotation>
	<folder>train</folder>
	<filename>114.jpg</filename>
	<path>D:\xladv\images\train\114.jpg</path>
	<source>
		<database>Unknown</database>
	</source>
	<size>
		<width>275</width>
		<height>183</height>
		<depth>3</depth>
	</size>
	<segmented>0</segmented>
	<object>
		<name>ghe</name>
		<pose>Unspecified</pose>
		<truncated>0</truncated>
		<difficult>0</difficult>
		<bndbox>
			<xmin>9</xmin>
			<ymin>16</ymin>
			<xmax>132</xmax>
			<ymax>172</ymax>
		</bndbox>
	</object>
	<object>
		<name>ghe</name>
		<pose>Unspecified</pose>
		<truncated>1</truncated>
		<difficult>0</difficult>
		<bndbox>
			<xmin>148</xmin>
			<ymin>15</ymin>
			<xmax>269</xmax>
			<ymax>183</ymax>
		</bndbox>
	</object>
</annotation>
