<annotation>
	<folder>train</folder>
	<filename>115.jpg</filename>
	<path>D:\xladv\images\train\115.jpg</path>
	<source>
		<database>Unknown</database>
	</source>
	<size>
		<width>194</width>
		<height>259</height>
		<depth>3</depth>
	</size>
	<segmented>0</segmented>
	<object>
		<name>ghe</name>
		<pose>Unspecified</pose>
		<truncated>0</truncated>
		<difficult>0</difficult>
		<bndbox>
			<xmin>32</xmin>
			<ymin>30</ymin>
			<xmax>142</xmax>
			<ymax>254</ymax>
		</bndbox>
	</object>
</annotation>
