<annotation>
	<folder>train</folder>
	<filename>116.jpg</filename>
	<path>D:\xladv\images\train\116.jpg</path>
	<source>
		<database>Unknown</database>
	</source>
	<size>
		<width>266</width>
		<height>190</height>
		<depth>3</depth>
	</size>
	<segmented>0</segmented>
	<object>
		<name>ghe</name>
		<pose>Unspecified</pose>
		<truncated>0</truncated>
		<difficult>0</difficult>
		<bndbox>
			<xmin>5</xmin>
			<ymin>56</ymin>
			<xmax>157</xmax>
			<ymax>161</ymax>
		</bndbox>
	</object>
	<object>
		<name>ghe</name>
		<pose>Unspecified</pose>
		<truncated>0</truncated>
		<difficult>0</difficult>
		<bndbox>
			<xmin>178</xmin>
			<ymin>55</ymin>
			<xmax>265</xmax>
			<ymax>161</ymax>
		</bndbox>
	</object>
</annotation>
