<annotation>
	<folder>train</folder>
	<filename>12.jpg</filename>
	<path>D:\xladv\images\train\12.jpg</path>
	<source>
		<database>Unknown</database>
	</source>
	<size>
		<width>900</width>
		<height>584</height>
		<depth>3</depth>
	</size>
	<segmented>0</segmented>
	<object>
		<name>ban</name>
		<pose>Unspecified</pose>
		<truncated>0</truncated>
		<difficult>0</difficult>
		<bndbox>
			<xmin>106</xmin>
			<ymin>67</ymin>
			<xmax>840</xmax>
			<ymax>516</ymax>
		</bndbox>
	</object>
</annotation>
