<annotation>
	<folder>train</folder>
	<filename>122.jpg</filename>
	<path>D:\xladv\images\train\122.jpg</path>
	<source>
		<database>Unknown</database>
	</source>
	<size>
		<width>300</width>
		<height>225</height>
		<depth>3</depth>
	</size>
	<segmented>0</segmented>
	<object>
		<name>ban</name>
		<pose>Unspecified</pose>
		<truncated>0</truncated>
		<difficult>0</difficult>
		<bndbox>
			<xmin>112</xmin>
			<ymin>109</ymin>
			<xmax>199</xmax>
			<ymax>179</ymax>
		</bndbox>
	</object>
	<object>
		<name>ghe</name>
		<pose>Unspecified</pose>
		<truncated>0</truncated>
		<difficult>0</difficult>
		<bndbox>
			<xmin>36</xmin>
			<ymin>110</ymin>
			<xmax>160</xmax>
			<ymax>221</ymax>
		</bndbox>
	</object>
	<object>
		<name>ghe</name>
		<pose>Unspecified</pose>
		<truncated>0</truncated>
		<difficult>0</difficult>
		<bndbox>
			<xmin>148</xmin>
			<ymin>84</ymin>
			<xmax>272</xmax>
			<ymax>169</ymax>
		</bndbox>
	</object>
</annotation>
