<annotation>
	<folder>train</folder>
	<filename>126.jpg</filename>
	<path>D:\xladv\images\train\126.jpg</path>
	<source>
		<database>Unknown</database>
	</source>
	<size>
		<width>800</width>
		<height>965</height>
		<depth>3</depth>
	</size>
	<segmented>0</segmented>
	<object>
		<name>ghe</name>
		<pose>Unspecified</pose>
		<truncated>0</truncated>
		<difficult>0</difficult>
		<bndbox>
			<xmin>146</xmin>
			<ymin>99</ymin>
			<xmax>696</xmax>
			<ymax>894</ymax>
		</bndbox>
	</object>
</annotation>
