<annotation>
	<folder>train</folder>
	<filename>13.jpg</filename>
	<path>D:\xladv\images\train\13.jpg</path>
	<source>
		<database>Unknown</database>
	</source>
	<size>
		<width>600</width>
		<height>400</height>
		<depth>3</depth>
	</size>
	<segmented>0</segmented>
	<object>
		<name>ban</name>
		<pose>Unspecified</pose>
		<truncated>0</truncated>
		<difficult>0</difficult>
		<bndbox>
			<xmin>44</xmin>
			<ymin>96</ymin>
			<xmax>557</xmax>
			<ymax>358</ymax>
		</bndbox>
	</object>
</annotation>
