<annotation>
	<folder>train</folder>
	<filename>14.jpg</filename>
	<path>D:\xladv\images\train\14.jpg</path>
	<source>
		<database>Unknown</database>
	</source>
	<size>
		<width>880</width>
		<height>547</height>
		<depth>3</depth>
	</size>
	<segmented>0</segmented>
	<object>
		<name>ban</name>
		<pose>Unspecified</pose>
		<truncated>0</truncated>
		<difficult>0</difficult>
		<bndbox>
			<xmin>43</xmin>
			<ymin>83</ymin>
			<xmax>826</xmax>
			<ymax>539</ymax>
		</bndbox>
	</object>
	<object>
		<name>coc</name>
		<pose>Unspecified</pose>
		<truncated>0</truncated>
		<difficult>0</difficult>
		<bndbox>
			<xmin>176</xmin>
			<ymin>132</ymin>
			<xmax>241</xmax>
			<ymax>207</ymax>
		</bndbox>
	</object>
	<object>
		<name>binh</name>
		<pose>Unspecified</pose>
		<truncated>0</truncated>
		<difficult>0</difficult>
		<bndbox>
			<xmin>667</xmin>
			<ymin>59</ymin>
			<xmax>720</xmax>
			<ymax>160</ymax>
		</bndbox>
	</object>
	<object>
		<name>ghe</name>
		<pose>Unspecified</pose>
		<truncated>0</truncated>
		<difficult>0</difficult>
		<bndbox>
			<xmin>3</xmin>
			<ymin>7</ymin>
			<xmax>785</xmax>
			<ymax>236</ymax>
		</bndbox>
	</object>
</annotation>
