<annotation>
	<folder>train</folder>
	<filename>18.jpg</filename>
	<path>D:\xladv\images\train\18.jpg</path>
	<source>
		<database>Unknown</database>
	</source>
	<size>
		<width>800</width>
		<height>800</height>
		<depth>3</depth>
	</size>
	<segmented>0</segmented>
	<object>
		<name>ghe</name>
		<pose>Unspecified</pose>
		<truncated>0</truncated>
		<difficult>0</difficult>
		<bndbox>
			<xmin>400</xmin>
			<ymin>495</ymin>
			<xmax>558</xmax>
			<ymax>708</ymax>
		</bndbox>
	</object>
	<object>
		<name>ban</name>
		<pose>Unspecified</pose>
		<truncated>0</truncated>
		<difficult>0</difficult>
		<bndbox>
			<xmin>92</xmin>
			<ymin>123</ymin>
			<xmax>672</xmax>
			<ymax>696</ymax>
		</bndbox>
	</object>
</annotation>
