<annotation>
	<folder>train</folder>
	<filename>2.jpg</filename>
	<path>D:\xladv\images\train\2.jpg</path>
	<source>
		<database>Unknown</database>
	</source>
	<size>
		<width>236</width>
		<height>236</height>
		<depth>3</depth>
	</size>
	<segmented>0</segmented>
	<object>
		<name>ban</name>
		<pose>Unspecified</pose>
		<truncated>0</truncated>
		<difficult>0</difficult>
		<bndbox>
			<xmin>93</xmin>
			<ymin>128</ymin>
			<xmax>207</xmax>
			<ymax>230</ymax>
		</bndbox>
	</object>
	<object>
		<name>ghe</name>
		<pose>Unspecified</pose>
		<truncated>0</truncated>
		<difficult>0</difficult>
		<bndbox>
			<xmin>111</xmin>
			<ymin>136</ymin>
			<xmax>179</xmax>
			<ymax>230</ymax>
		</bndbox>
	</object>
</annotation>
