<annotation>
	<folder>train</folder>
	<filename>20.jpg</filename>
	<path>D:\xladv\images\train\20.jpg</path>
	<source>
		<database>Unknown</database>
	</source>
	<size>
		<width>236</width>
		<height>236</height>
		<depth>3</depth>
	</size>
	<segmented>0</segmented>
	<object>
		<name>ghe</name>
		<pose>Unspecified</pose>
		<truncated>0</truncated>
		<difficult>0</difficult>
		<bndbox>
			<xmin>60</xmin>
			<ymin>104</ymin>
			<xmax>143</xmax>
			<ymax>224</ymax>
		</bndbox>
	</object>
	<object>
		<name>ban</name>
		<pose>Unspecified</pose>
		<truncated>0</truncated>
		<difficult>0</difficult>
		<bndbox>
			<xmin>36</xmin>
			<ymin>11</ymin>
			<xmax>197</xmax>
			<ymax>235</ymax>
		</bndbox>
	</object>
</annotation>
