<annotation>
	<folder>train</folder>
	<filename>27.jpg</filename>
	<path>D:\xladv\images\train\27.jpg</path>
	<source>
		<database>Unknown</database>
	</source>
	<size>
		<width>400</width>
		<height>225</height>
		<depth>3</depth>
	</size>
	<segmented>0</segmented>
	<object>
		<name>ban</name>
		<pose>Unspecified</pose>
		<truncated>0</truncated>
		<difficult>0</difficult>
		<bndbox>
			<xmin>33</xmin>
			<ymin>131</ymin>
			<xmax>100</xmax>
			<ymax>203</ymax>
		</bndbox>
	</object>
	<object>
		<name>ghe</name>
		<pose>Unspecified</pose>
		<truncated>1</truncated>
		<difficult>0</difficult>
		<bndbox>
			<xmin>248</xmin>
			<ymin>72</ymin>
			<xmax>400</xmax>
			<ymax>214</ymax>
		</bndbox>
	</object>
</annotation>
