<annotation>
	<folder>train</folder>
	<filename>28.jpg</filename>
	<path>D:\xladv\images\train\28.jpg</path>
	<source>
		<database>Unknown</database>
	</source>
	<size>
		<width>700</width>
		<height>517</height>
		<depth>3</depth>
	</size>
	<segmented>0</segmented>
	<object>
		<name>ghe</name>
		<pose>Unspecified</pose>
		<truncated>0</truncated>
		<difficult>0</difficult>
		<bndbox>
			<xmin>363</xmin>
			<ymin>268</ymin>
			<xmax>628</xmax>
			<ymax>498</ymax>
		</bndbox>
	</object>
	<object>
		<name>ban</name>
		<pose>Unspecified</pose>
		<truncated>1</truncated>
		<difficult>0</difficult>
		<bndbox>
			<xmin>47</xmin>
			<ymin>363</ymin>
			<xmax>436</xmax>
			<ymax>517</ymax>
		</bndbox>
	</object>
</annotation>
