<annotation>
	<folder>train</folder>
	<filename>3.jpg</filename>
	<path>D:\xladv\images\train\3.jpg</path>
	<source>
		<database>Unknown</database>
	</source>
	<size>
		<width>600</width>
		<height>575</height>
		<depth>3</depth>
	</size>
	<segmented>0</segmented>
	<object>
		<name>ghe</name>
		<pose>Unspecified</pose>
		<truncated>1</truncated>
		<difficult>0</difficult>
		<bndbox>
			<xmin>98</xmin>
			<ymin>302</ymin>
			<xmax>308</xmax>
			<ymax>575</ymax>
		</bndbox>
	</object>
	<object>
		<name>ban</name>
		<pose>Unspecified</pose>
		<truncated>0</truncated>
		<difficult>0</difficult>
		<bndbox>
			<xmin>22</xmin>
			<ymin>249</ymin>
			<xmax>575</xmax>
			<ymax>505</ymax>
		</bndbox>
	</object>
</annotation>
