<annotation>
	<folder>train</folder>
	<filename>30.jpg</filename>
	<path>D:\xladv\images\train\30.jpg</path>
	<source>
		<database>Unknown</database>
	</source>
	<size>
		<width>459</width>
		<height>512</height>
		<depth>3</depth>
	</size>
	<segmented>0</segmented>
	<object>
		<name>ghe</name>
		<pose>Unspecified</pose>
		<truncated>0</truncated>
		<difficult>0</difficult>
		<bndbox>
			<xmin>285</xmin>
			<ymin>252</ymin>
			<xmax>425</xmax>
			<ymax>461</ymax>
		</bndbox>
	</object>
	<object>
		<name>ban</name>
		<pose>Unspecified</pose>
		<truncated>0</truncated>
		<difficult>0</difficult>
		<bndbox>
			<xmin>34</xmin>
			<ymin>229</ymin>
			<xmax>399</xmax>
			<ymax>456</ymax>
		</bndbox>
	</object>
	<object>
		<name>binh</name>
		<pose>Unspecified</pose>
		<truncated>0</truncated>
		<difficult>0</difficult>
		<bndbox>
			<xmin>71</xmin>
			<ymin>252</ymin>
			<xmax>95</xmax>
			<ymax>286</ymax>
		</bndbox>
	</object>
</annotation>
