<annotation>
	<folder>train</folder>
	<filename>31.jpg</filename>
	<path>D:\xladv\images\train\31.jpg</path>
	<source>
		<database>Unknown</database>
	</source>
	<size>
		<width>800</width>
		<height>876</height>
		<depth>3</depth>
	</size>
	<segmented>0</segmented>
	<object>
		<name>binh</name>
		<pose>Unspecified</pose>
		<truncated>0</truncated>
		<difficult>0</difficult>
		<bndbox>
			<xmin>295</xmin>
			<ymin>500</ymin>
			<xmax>500</xmax>
			<ymax>859</ymax>
		</bndbox>
	</object>
</annotation>
