<annotation>
	<folder>train</folder>
	<filename>33.jpg</filename>
	<path>D:\xladv\images\train\33.jpg</path>
	<source>
		<database>Unknown</database>
	</source>
	<size>
		<width>720</width>
		<height>960</height>
		<depth>3</depth>
	</size>
	<segmented>0</segmented>
	<object>
		<name>binh</name>
		<pose>Unspecified</pose>
		<truncated>0</truncated>
		<difficult>0</difficult>
		<bndbox>
			<xmin>287</xmin>
			<ymin>631</ymin>
			<xmax>430</xmax>
			<ymax>896</ymax>
		</bndbox>
	</object>
</annotation>
