<annotation>
	<folder>train</folder>
	<filename>34.jpg</filename>
	<path>D:\xladv\images\train\34.jpg</path>
	<source>
		<database>Unknown</database>
	</source>
	<size>
		<width>341</width>
		<height>512</height>
		<depth>3</depth>
	</size>
	<segmented>0</segmented>
	<object>
		<name>binh</name>
		<pose>Unspecified</pose>
		<truncated>0</truncated>
		<difficult>0</difficult>
		<bndbox>
			<xmin>85</xmin>
			<ymin>261</ymin>
			<xmax>180</xmax>
			<ymax>433</ymax>
		</bndbox>
	</object>
	<object>
		<name>binh</name>
		<pose>Unspecified</pose>
		<truncated>0</truncated>
		<difficult>0</difficult>
		<bndbox>
			<xmin>186</xmin>
			<ymin>271</ymin>
			<xmax>307</xmax>
			<ymax>494</ymax>
		</bndbox>
	</object>
</annotation>
