<annotation>
	<folder>train</folder>
	<filename>35.jpg</filename>
	<path>D:\xladv\images\train\35.jpg</path>
	<source>
		<database>Unknown</database>
	</source>
	<size>
		<width>512</width>
		<height>512</height>
		<depth>3</depth>
	</size>
	<segmented>0</segmented>
	<object>
		<name>binh</name>
		<pose>Unspecified</pose>
		<truncated>0</truncated>
		<difficult>0</difficult>
		<bndbox>
			<xmin>200</xmin>
			<ymin>288</ymin>
			<xmax>304</xmax>
			<ymax>470</ymax>
		</bndbox>
	</object>
</annotation>
