<annotation>
	<folder>train</folder>
	<filename>37.jpg</filename>
	<path>D:\xladv\images\train\37.jpg</path>
	<source>
		<database>Unknown</database>
	</source>
	<size>
		<width>1200</width>
		<height>675</height>
		<depth>3</depth>
	</size>
	<segmented>0</segmented>
	<object>
		<name>binh</name>
		<pose>Unspecified</pose>
		<truncated>0</truncated>
		<difficult>0</difficult>
		<bndbox>
			<xmin>31</xmin>
			<ymin>283</ymin>
			<xmax>227</xmax>
			<ymax>629</ymax>
		</bndbox>
	</object>
	<object>
		<name>binh</name>
		<pose>Unspecified</pose>
		<truncated>0</truncated>
		<difficult>0</difficult>
		<bndbox>
			<xmin>315</xmin>
			<ymin>129</ymin>
			<xmax>491</xmax>
			<ymax>621</ymax>
		</bndbox>
	</object>
	<object>
		<name>binh</name>
		<pose>Unspecified</pose>
		<truncated>0</truncated>
		<difficult>0</difficult>
		<bndbox>
			<xmin>531</xmin>
			<ymin>231</ymin>
			<xmax>614</xmax>
			<ymax>624</ymax>
		</bndbox>
	</object>
	<object>
		<name>binh</name>
		<pose>Unspecified</pose>
		<truncated>0</truncated>
		<difficult>0</difficult>
		<bndbox>
			<xmin>662</xmin>
			<ymin>240</ymin>
			<xmax>817</xmax>
			<ymax>625</ymax>
		</bndbox>
	</object>
	<object>
		<name>binh</name>
		<pose>Unspecified</pose>
		<truncated>0</truncated>
		<difficult>0</difficult>
		<bndbox>
			<xmin>950</xmin>
			<ymin>264</ymin>
			<xmax>1186</xmax>
			<ymax>627</ymax>
		</bndbox>
	</object>
</annotation>
