<annotation>
	<folder>train</folder>
	<filename>38.jpg</filename>
	<path>D:\xladv\images\train\38.jpg</path>
	<source>
		<database>Unknown</database>
	</source>
	<size>
		<width>750</width>
		<height>750</height>
		<depth>3</depth>
	</size>
	<segmented>0</segmented>
	<object>
		<name>binh</name>
		<pose>Unspecified</pose>
		<truncated>0</truncated>
		<difficult>0</difficult>
		<bndbox>
			<xmin>239</xmin>
			<ymin>241</ymin>
			<xmax>538</xmax>
			<ymax>705</ymax>
		</bndbox>
	</object>
</annotation>
