<annotation>
	<folder>train</folder>
	<filename>40.jpg</filename>
	<path>D:\xladv\images\train\40.jpg</path>
	<source>
		<database>Unknown</database>
	</source>
	<size>
		<width>790</width>
		<height>604</height>
		<depth>3</depth>
	</size>
	<segmented>0</segmented>
	<object>
		<name>binh</name>
		<pose>Unspecified</pose>
		<truncated>0</truncated>
		<difficult>0</difficult>
		<bndbox>
			<xmin>70</xmin>
			<ymin>361</ymin>
			<xmax>173</xmax>
			<ymax>430</ymax>
		</bndbox>
	</object>
	<object>
		<name>binh</name>
		<pose>Unspecified</pose>
		<truncated>0</truncated>
		<difficult>0</difficult>
		<bndbox>
			<xmin>203</xmin>
			<ymin>385</ymin>
			<xmax>309</xmax>
			<ymax>463</ymax>
		</bndbox>
	</object>
	<object>
		<name>binh</name>
		<pose>Unspecified</pose>
		<truncated>0</truncated>
		<difficult>0</difficult>
		<bndbox>
			<xmin>377</xmin>
			<ymin>418</ymin>
			<xmax>501</xmax>
			<ymax>512</ymax>
		</bndbox>
	</object>
	<object>
		<name>binh</name>
		<pose>Unspecified</pose>
		<truncated>0</truncated>
		<difficult>0</difficult>
		<bndbox>
			<xmin>584</xmin>
			<ymin>459</ymin>
			<xmax>724</xmax>
			<ymax>564</ymax>
		</bndbox>
	</object>
</annotation>
