<annotation>
	<folder>train</folder>
	<filename>42.jpg</filename>
	<path>D:\xladv\images\train\42.jpg</path>
	<source>
		<database>Unknown</database>
	</source>
	<size>
		<width>389</width>
		<height>413</height>
		<depth>3</depth>
	</size>
	<segmented>0</segmented>
	<object>
		<name>binh</name>
		<pose>Unspecified</pose>
		<truncated>0</truncated>
		<difficult>0</difficult>
		<bndbox>
			<xmin>185</xmin>
			<ymin>266</ymin>
			<xmax>246</xmax>
			<ymax>410</ymax>
		</bndbox>
	</object>
</annotation>
