<annotation>
	<folder>train</folder>
	<filename>43.jpg</filename>
	<path>D:\xladv\images\train\43.jpg</path>
	<source>
		<database>Unknown</database>
	</source>
	<size>
		<width>1000</width>
		<height>1000</height>
		<depth>3</depth>
	</size>
	<segmented>0</segmented>
	<object>
		<name>binh</name>
		<pose>Unspecified</pose>
		<truncated>0</truncated>
		<difficult>0</difficult>
		<bndbox>
			<xmin>559</xmin>
			<ymin>459</ymin>
			<xmax>769</xmax>
			<ymax>895</ymax>
		</bndbox>
	</object>
	<object>
		<name>coc</name>
		<pose>Unspecified</pose>
		<truncated>0</truncated>
		<difficult>0</difficult>
		<bndbox>
			<xmin>131</xmin>
			<ymin>331</ymin>
			<xmax>393</xmax>
			<ymax>571</ymax>
		</bndbox>
	</object>
</annotation>
