<annotation>
	<folder>train</folder>
	<filename>44.jpg</filename>
	<path>D:\xladv\images\train\44.jpg</path>
	<source>
		<database>Unknown</database>
	</source>
	<size>
		<width>640</width>
		<height>729</height>
		<depth>3</depth>
	</size>
	<segmented>0</segmented>
	<object>
		<name>binh</name>
		<pose>Unspecified</pose>
		<truncated>0</truncated>
		<difficult>0</difficult>
		<bndbox>
			<xmin>263</xmin>
			<ymin>509</ymin>
			<xmax>377</xmax>
			<ymax>684</ymax>
		</bndbox>
	</object>
</annotation>
