<annotation>
	<folder>train</folder>
	<filename>45.jpg</filename>
	<path>D:\xladv\images\train\45.jpg</path>
	<source>
		<database>Unknown</database>
	</source>
	<size>
		<width>384</width>
		<height>512</height>
		<depth>3</depth>
	</size>
	<segmented>0</segmented>
	<object>
		<name>binh</name>
		<pose>Unspecified</pose>
		<truncated>0</truncated>
		<difficult>0</difficult>
		<bndbox>
			<xmin>116</xmin>
			<ymin>318</ymin>
			<xmax>249</xmax>
			<ymax>484</ymax>
		</bndbox>
	</object>
</annotation>
