<annotation>
	<folder>train</folder>
	<filename>47.jpg</filename>
	<path>D:\xladv\images\train\47.jpg</path>
	<source>
		<database>Unknown</database>
	</source>
	<size>
		<width>236</width>
		<height>313</height>
		<depth>3</depth>
	</size>
	<segmented>0</segmented>
	<object>
		<name>binh</name>
		<pose>Unspecified</pose>
		<truncated>0</truncated>
		<difficult>0</difficult>
		<bndbox>
			<xmin>87</xmin>
			<ymin>166</ymin>
			<xmax>144</xmax>
			<ymax>287</ymax>
		</bndbox>
	</object>
</annotation>
