<annotation>
	<folder>train</folder>
	<filename>48.jpg</filename>
	<path>D:\xladv\images\train\48.jpg</path>
	<source>
		<database>Unknown</database>
	</source>
	<size>
		<width>800</width>
		<height>800</height>
		<depth>3</depth>
	</size>
	<segmented>0</segmented>
	<object>
		<name>binh</name>
		<pose>Unspecified</pose>
		<truncated>0</truncated>
		<difficult>0</difficult>
		<bndbox>
			<xmin>247</xmin>
			<ymin>401</ymin>
			<xmax>514</xmax>
			<ymax>770</ymax>
		</bndbox>
	</object>
</annotation>
