<annotation>
	<folder>train</folder>
	<filename>49.jpg</filename>
	<path>D:\xladv\images\train\49.jpg</path>
	<source>
		<database>Unknown</database>
	</source>
	<size>
		<width>413</width>
		<height>620</height>
		<depth>3</depth>
	</size>
	<segmented>0</segmented>
	<object>
		<name>binh</name>
		<pose>Unspecified</pose>
		<truncated>1</truncated>
		<difficult>0</difficult>
		<bndbox>
			<xmin>93</xmin>
			<ymin>252</ymin>
			<xmax>292</xmax>
			<ymax>620</ymax>
		</bndbox>
	</object>
</annotation>
