<annotation>
	<folder>train</folder>
	<filename>50.jpg</filename>
	<path>D:\xladv\images\train\50.jpg</path>
	<source>
		<database>Unknown</database>
	</source>
	<size>
		<width>800</width>
		<height>800</height>
		<depth>3</depth>
	</size>
	<segmented>0</segmented>
	<object>
		<name>binh</name>
		<pose>Unspecified</pose>
		<truncated>0</truncated>
		<difficult>0</difficult>
		<bndbox>
			<xmin>273</xmin>
			<ymin>303</ymin>
			<xmax>484</xmax>
			<ymax>750</ymax>
		</bndbox>
	</object>
</annotation>
