<annotation>
	<folder>train</folder>
	<filename>51.jpg</filename>
	<path>D:\xladv\images\train\51.jpg</path>
	<source>
		<database>Unknown</database>
	</source>
	<size>
		<width>540</width>
		<height>643</height>
		<depth>3</depth>
	</size>
	<segmented>0</segmented>
	<object>
		<name>binh</name>
		<pose>Unspecified</pose>
		<truncated>0</truncated>
		<difficult>0</difficult>
		<bndbox>
			<xmin>136</xmin>
			<ymin>322</ymin>
			<xmax>375</xmax>
			<ymax>613</ymax>
		</bndbox>
	</object>
</annotation>
