<annotation>
	<folder>train</folder>
	<filename>54.jpg</filename>
	<path>D:\xladv\images\train\54.jpg</path>
	<source>
		<database>Unknown</database>
	</source>
	<size>
		<width>750</width>
		<height>750</height>
		<depth>3</depth>
	</size>
	<segmented>0</segmented>
	<object>
		<name>binh</name>
		<pose>Unspecified</pose>
		<truncated>0</truncated>
		<difficult>0</difficult>
		<bndbox>
			<xmin>273</xmin>
			<ymin>466</ymin>
			<xmax>471</xmax>
			<ymax>737</ymax>
		</bndbox>
	</object>
</annotation>
