<annotation>
	<folder>train</folder>
	<filename>55.jpg</filename>
	<path>D:\xladv\images\train\55.jpg</path>
	<source>
		<database>Unknown</database>
	</source>
	<size>
		<width>720</width>
		<height>540</height>
		<depth>3</depth>
	</size>
	<segmented>0</segmented>
	<object>
		<name>binh</name>
		<pose>Unspecified</pose>
		<truncated>0</truncated>
		<difficult>0</difficult>
		<bndbox>
			<xmin>88</xmin>
			<ymin>350</ymin>
			<xmax>292</xmax>
			<ymax>518</ymax>
		</bndbox>
	</object>
	<object>
		<name>binh</name>
		<pose>Unspecified</pose>
		<truncated>0</truncated>
		<difficult>0</difficult>
		<bndbox>
			<xmin>292</xmin>
			<ymin>236</ymin>
			<xmax>426</xmax>
			<ymax>438</ymax>
		</bndbox>
	</object>
	<object>
		<name>binh</name>
		<pose>Unspecified</pose>
		<truncated>0</truncated>
		<difficult>0</difficult>
		<bndbox>
			<xmin>459</xmin>
			<ymin>270</ymin>
			<xmax>615</xmax>
			<ymax>498</ymax>
		</bndbox>
	</object>
</annotation>
