<annotation>
	<folder>train</folder>
	<filename>56.jpg</filename>
	<path>D:\xladv\images\train\56.jpg</path>
	<source>
		<database>Unknown</database>
	</source>
	<size>
		<width>600</width>
		<height>800</height>
		<depth>3</depth>
	</size>
	<segmented>0</segmented>
	<object>
		<name>binh</name>
		<pose>Unspecified</pose>
		<truncated>0</truncated>
		<difficult>0</difficult>
		<bndbox>
			<xmin>354</xmin>
			<ymin>394</ymin>
			<xmax>537</xmax>
			<ymax>617</ymax>
		</bndbox>
	</object>
	<object>
		<name>coc</name>
		<pose>Unspecified</pose>
		<truncated>0</truncated>
		<difficult>0</difficult>
		<bndbox>
			<xmin>443</xmin>
			<ymin>179</ymin>
			<xmax>548</xmax>
			<ymax>319</ymax>
		</bndbox>
	</object>
</annotation>
