<annotation>
	<folder>train</folder>
	<filename>57.jpg</filename>
	<path>D:\xladv\images\train\57.jpg</path>
	<source>
		<database>Unknown</database>
	</source>
	<size>
		<width>194</width>
		<height>259</height>
		<depth>3</depth>
	</size>
	<segmented>0</segmented>
	<object>
		<name>binh</name>
		<pose>Unspecified</pose>
		<truncated>1</truncated>
		<difficult>0</difficult>
		<bndbox>
			<xmin>128</xmin>
			<ymin>183</ymin>
			<xmax>165</xmax>
			<ymax>259</ymax>
		</bndbox>
	</object>
</annotation>
