<annotation>
	<folder>train</folder>
	<filename>59.jpg</filename>
	<path>D:\xladv\images\train\59.jpg</path>
	<source>
		<database>Unknown</database>
	</source>
	<size>
		<width>700</width>
		<height>700</height>
		<depth>3</depth>
	</size>
	<segmented>0</segmented>
	<object>
		<name>binh</name>
		<pose>Unspecified</pose>
		<truncated>0</truncated>
		<difficult>0</difficult>
		<bndbox>
			<xmin>282</xmin>
			<ymin>234</ymin>
			<xmax>572</xmax>
			<ymax>659</ymax>
		</bndbox>
	</object>
</annotation>
