<annotation>
	<folder>train</folder>
	<filename>60.jpg</filename>
	<path>D:\xladv\images\train\60.jpg</path>
	<source>
		<database>Unknown</database>
	</source>
	<size>
		<width>660</width>
		<height>440</height>
		<depth>3</depth>
	</size>
	<segmented>0</segmented>
	<object>
		<name>ban</name>
		<pose>Unspecified</pose>
		<truncated>0</truncated>
		<difficult>0</difficult>
		<bndbox>
			<xmin>189</xmin>
			<ymin>22</ymin>
			<xmax>631</xmax>
			<ymax>419</ymax>
		</bndbox>
	</object>
	<object>
		<name>binh</name>
		<pose>Unspecified</pose>
		<truncated>0</truncated>
		<difficult>0</difficult>
		<bndbox>
			<xmin>459</xmin>
			<ymin>68</ymin>
			<xmax>580</xmax>
			<ymax>213</ymax>
		</bndbox>
	</object>
</annotation>
