<annotation>
	<folder>train</folder>
	<filename>61.jpg</filename>
	<path>D:\xladv\images\train\61.jpg</path>
	<source>
		<database>Unknown</database>
	</source>
	<size>
		<width>522</width>
		<height>522</height>
		<depth>3</depth>
	</size>
	<segmented>0</segmented>
	<object>
		<name>binh</name>
		<pose>Unspecified</pose>
		<truncated>0</truncated>
		<difficult>0</difficult>
		<bndbox>
			<xmin>194</xmin>
			<ymin>235</ymin>
			<xmax>336</xmax>
			<ymax>494</ymax>
		</bndbox>
	</object>
</annotation>
