<annotation>
	<folder>train</folder>
	<filename>62.jpg</filename>
	<path>D:\xladv\images\train\62.jpg</path>
	<source>
		<database>Unknown</database>
	</source>
	<size>
		<width>466</width>
		<height>472</height>
		<depth>3</depth>
	</size>
	<segmented>0</segmented>
	<object>
		<name>binh</name>
		<pose>Unspecified</pose>
		<truncated>0</truncated>
		<difficult>0</difficult>
		<bndbox>
			<xmin>189</xmin>
			<ymin>193</ymin>
			<xmax>300</xmax>
			<ymax>356</ymax>
		</bndbox>
	</object>
</annotation>
