<annotation>
	<folder>train</folder>
	<filename>66.jpg</filename>
	<path>D:\xladv\images\train\66.jpg</path>
	<source>
		<database>Unknown</database>
	</source>
	<size>
		<width>860</width>
		<height>573</height>
		<depth>3</depth>
	</size>
	<segmented>0</segmented>
	<object>
		<name>coc</name>
		<pose>Unspecified</pose>
		<truncated>0</truncated>
		<difficult>0</difficult>
		<bndbox>
			<xmin>487</xmin>
			<ymin>208</ymin>
			<xmax>726</xmax>
			<ymax>480</ymax>
		</bndbox>
	</object>
</annotation>
