<annotation>
	<folder>train</folder>
	<filename>67.jpg</filename>
	<path>D:\xladv\images\train\67.jpg</path>
	<source>
		<database>Unknown</database>
	</source>
	<size>
		<width>725</width>
		<height>483</height>
		<depth>3</depth>
	</size>
	<segmented>0</segmented>
	<object>
		<name>coc</name>
		<pose>Unspecified</pose>
		<truncated>0</truncated>
		<difficult>0</difficult>
		<bndbox>
			<xmin>196</xmin>
			<ymin>164</ymin>
			<xmax>341</xmax>
			<ymax>371</ymax>
		</bndbox>
	</object>
</annotation>
