<annotation>
	<folder>train</folder>
	<filename>68.jpg</filename>
	<path>D:\xladv\images\train\68.jpg</path>
	<source>
		<database>Unknown</database>
	</source>
	<size>
		<width>725</width>
		<height>455</height>
		<depth>3</depth>
	</size>
	<segmented>0</segmented>
	<object>
		<name>coc</name>
		<pose>Unspecified</pose>
		<truncated>0</truncated>
		<difficult>0</difficult>
		<bndbox>
			<xmin>10</xmin>
			<ymin>29</ymin>
			<xmax>446</xmax>
			<ymax>362</ymax>
		</bndbox>
	</object>
</annotation>
