<annotation>
	<folder>train</folder>
	<filename>69.jpg</filename>
	<path>D:\xladv\images\train\69.jpg</path>
	<source>
		<database>Unknown</database>
	</source>
	<size>
		<width>1600</width>
		<height>1067</height>
		<depth>3</depth>
	</size>
	<segmented>0</segmented>
	<object>
		<name>coc</name>
		<pose>Unspecified</pose>
		<truncated>0</truncated>
		<difficult>0</difficult>
		<bndbox>
			<xmin>820</xmin>
			<ymin>506</ymin>
			<xmax>1124</xmax>
			<ymax>838</ymax>
		</bndbox>
	</object>
</annotation>
