<annotation>
	<folder>train</folder>
	<filename>70.jpg</filename>
	<path>D:\xladv\images\train\70.jpg</path>
	<source>
		<database>Unknown</database>
	</source>
	<size>
		<width>3085</width>
		<height>3104</height>
		<depth>3</depth>
	</size>
	<segmented>0</segmented>
	<object>
		<name>coc</name>
		<pose>Unspecified</pose>
		<truncated>0</truncated>
		<difficult>0</difficult>
		<bndbox>
			<xmin>415</xmin>
			<ymin>1637</ymin>
			<xmax>1358</xmax>
			<ymax>3080</ymax>
		</bndbox>
	</object>
</annotation>
