<annotation>
	<folder>train</folder>
	<filename>71.jpg</filename>
	<path>D:\xladv\images\train\71.jpg</path>
	<source>
		<database>Unknown</database>
	</source>
	<size>
		<width>860</width>
		<height>573</height>
		<depth>3</depth>
	</size>
	<segmented>0</segmented>
	<object>
		<name>coc</name>
		<pose>Unspecified</pose>
		<truncated>0</truncated>
		<difficult>0</difficult>
		<bndbox>
			<xmin>200</xmin>
			<ymin>90</ymin>
			<xmax>474</xmax>
			<ymax>506</ymax>
		</bndbox>
	</object>
	<object>
		<name>coc</name>
		<pose>Unspecified</pose>
		<truncated>0</truncated>
		<difficult>0</difficult>
		<bndbox>
			<xmin>522</xmin>
			<ymin>129</ymin>
			<xmax>779</xmax>
			<ymax>426</ymax>
		</bndbox>
	</object>
</annotation>
