<annotation>
	<folder>train</folder>
	<filename>75.jpg</filename>
	<path>D:\xladv\images\train\75.jpg</path>
	<source>
		<database>Unknown</database>
	</source>
	<size>
		<width>600</width>
		<height>400</height>
		<depth>3</depth>
	</size>
	<segmented>0</segmented>
	<object>
		<name>coc</name>
		<pose>Unspecified</pose>
		<truncated>0</truncated>
		<difficult>0</difficult>
		<bndbox>
			<xmin>215</xmin>
			<ymin>40</ymin>
			<xmax>401</xmax>
			<ymax>233</ymax>
		</bndbox>
	</object>
	<object>
		<name>coc</name>
		<pose>Unspecified</pose>
		<truncated>0</truncated>
		<difficult>0</difficult>
		<bndbox>
			<xmin>370</xmin>
			<ymin>70</ymin>
			<xmax>582</xmax>
			<ymax>269</ymax>
		</bndbox>
	</object>
</annotation>
