<annotation>
	<folder>train</folder>
	<filename>77.jpg</filename>
	<path>D:\xladv\images\train\77.jpg</path>
	<source>
		<database>Unknown</database>
	</source>
	<size>
		<width>400</width>
		<height>400</height>
		<depth>3</depth>
	</size>
	<segmented>0</segmented>
	<object>
		<name>coc</name>
		<pose>Unspecified</pose>
		<truncated>0</truncated>
		<difficult>0</difficult>
		<bndbox>
			<xmin>7</xmin>
			<ymin>20</ymin>
			<xmax>295</xmax>
			<ymax>381</ymax>
		</bndbox>
	</object>
</annotation>
