<annotation>
	<folder>train</folder>
	<filename>79.jpg</filename>
	<path>D:\xladv\images\train\79.jpg</path>
	<source>
		<database>Unknown</database>
	</source>
	<size>
		<width>750</width>
		<height>750</height>
		<depth>3</depth>
	</size>
	<segmented>0</segmented>
	<object>
		<name>coc</name>
		<pose>Unspecified</pose>
		<truncated>0</truncated>
		<difficult>0</difficult>
		<bndbox>
			<xmin>232</xmin>
			<ymin>166</ymin>
			<xmax>564</xmax>
			<ymax>591</ymax>
		</bndbox>
	</object>
</annotation>
