<annotation>
	<folder>train</folder>
	<filename>80.jpg</filename>
	<path>D:\xladv\images\train\80.jpg</path>
	<source>
		<database>Unknown</database>
	</source>
	<size>
		<width>576</width>
		<height>330</height>
		<depth>3</depth>
	</size>
	<segmented>0</segmented>
	<object>
		<name>coc</name>
		<pose>Unspecified</pose>
		<truncated>0</truncated>
		<difficult>0</difficult>
		<bndbox>
			<xmin>169</xmin>
			<ymin>84</ymin>
			<xmax>242</xmax>
			<ymax>218</ymax>
		</bndbox>
	</object>
</annotation>
