<annotation>
	<folder>train</folder>
	<filename>83.jpg</filename>
	<path>D:\xladv\images\train\83.jpg</path>
	<source>
		<database>Unknown</database>
	</source>
	<size>
		<width>800</width>
		<height>400</height>
		<depth>3</depth>
	</size>
	<segmented>0</segmented>
	<object>
		<name>coc</name>
		<pose>Unspecified</pose>
		<truncated>0</truncated>
		<difficult>0</difficult>
		<bndbox>
			<xmin>484</xmin>
			<ymin>225</ymin>
			<xmax>684</xmax>
			<ymax>386</ymax>
		</bndbox>
	</object>
	<object>
		<name>coc</name>
		<pose>Unspecified</pose>
		<truncated>0</truncated>
		<difficult>0</difficult>
		<bndbox>
			<xmin>360</xmin>
			<ymin>23</ymin>
			<xmax>488</xmax>
			<ymax>126</ymax>
		</bndbox>
	</object>
</annotation>
