<annotation>
	<folder>train</folder>
	<filename>85.jpg</filename>
	<path>D:\xladv\images\train\85.jpg</path>
	<source>
		<database>Unknown</database>
	</source>
	<size>
		<width>800</width>
		<height>600</height>
		<depth>3</depth>
	</size>
	<segmented>0</segmented>
	<object>
		<name>coc</name>
		<pose>Unspecified</pose>
		<truncated>0</truncated>
		<difficult>0</difficult>
		<bndbox>
			<xmin>151</xmin>
			<ymin>100</ymin>
			<xmax>682</xmax>
			<ymax>489</ymax>
		</bndbox>
	</object>
</annotation>
