<annotation>
	<folder>train</folder>
	<filename>86.jpg</filename>
	<path>D:\xladv\images\train\86.jpg</path>
	<source>
		<database>Unknown</database>
	</source>
	<size>
		<width>1280</width>
		<height>720</height>
		<depth>3</depth>
	</size>
	<segmented>0</segmented>
	<object>
		<name>coc</name>
		<pose>Unspecified</pose>
		<truncated>0</truncated>
		<difficult>0</difficult>
		<bndbox>
			<xmin>109</xmin>
			<ymin>261</ymin>
			<xmax>496</xmax>
			<ymax>555</ymax>
		</bndbox>
	</object>
	<object>
		<name>coc</name>
		<pose>Unspecified</pose>
		<truncated>0</truncated>
		<difficult>0</difficult>
		<bndbox>
			<xmin>400</xmin>
			<ymin>158</ymin>
			<xmax>719</xmax>
			<ymax>524</ymax>
		</bndbox>
	</object>
	<object>
		<name>coc</name>
		<pose>Unspecified</pose>
		<truncated>0</truncated>
		<difficult>0</difficult>
		<bndbox>
			<xmin>688</xmin>
			<ymin>355</ymin>
			<xmax>1077</xmax>
			<ymax>645</ymax>
		</bndbox>
	</object>
</annotation>
