<annotation>
	<folder>train</folder>
	<filename>87.jpg</filename>
	<path>D:\xladv\images\train\87.jpg</path>
	<source>
		<database>Unknown</database>
	</source>
	<size>
		<width>1024</width>
		<height>684</height>
		<depth>3</depth>
	</size>
	<segmented>0</segmented>
	<object>
		<name>coc</name>
		<pose>Unspecified</pose>
		<truncated>0</truncated>
		<difficult>0</difficult>
		<bndbox>
			<xmin>299</xmin>
			<ymin>332</ymin>
			<xmax>441</xmax>
			<ymax>469</ymax>
		</bndbox>
	</object>
</annotation>
