<annotation>
	<folder>train</folder>
	<filename>88.jpg</filename>
	<path>D:\xladv\images\train\88.jpg</path>
	<source>
		<database>Unknown</database>
	</source>
	<size>
		<width>3775</width>
		<height>2512</height>
		<depth>3</depth>
	</size>
	<segmented>0</segmented>
	<object>
		<name>coc</name>
		<pose>Unspecified</pose>
		<truncated>0</truncated>
		<difficult>0</difficult>
		<bndbox>
			<xmin>244</xmin>
			<ymin>792</ymin>
			<xmax>1962</xmax>
			<ymax>2160</ymax>
		</bndbox>
	</object>
	<object>
		<name>coc</name>
		<pose>Unspecified</pose>
		<truncated>0</truncated>
		<difficult>0</difficult>
		<bndbox>
			<xmin>2007</xmin>
			<ymin>501</ymin>
			<xmax>3589</xmax>
			<ymax>2228</ymax>
		</bndbox>
	</object>
</annotation>
