<annotation>
	<folder>train</folder>
	<filename>89.jpg</filename>
	<path>D:\xladv\images\train\89.jpg</path>
	<source>
		<database>Unknown</database>
	</source>
	<size>
		<width>1920</width>
		<height>1280</height>
		<depth>3</depth>
	</size>
	<segmented>0</segmented>
	<object>
		<name>coc</name>
		<pose>Unspecified</pose>
		<truncated>1</truncated>
		<difficult>0</difficult>
		<bndbox>
			<xmin>3</xmin>
			<ymin>689</ymin>
			<xmax>369</xmax>
			<ymax>1280</ymax>
		</bndbox>
	</object>
	<object>
		<name>coc</name>
		<pose>Unspecified</pose>
		<truncated>0</truncated>
		<difficult>0</difficult>
		<bndbox>
			<xmin>1110</xmin>
			<ymin>440</ymin>
			<xmax>1531</xmax>
			<ymax>1000</ymax>
		</bndbox>
	</object>
</annotation>
