<annotation>
	<folder>train</folder>
	<filename>9.jpg</filename>
	<path>D:\xladv\images\train\9.jpg</path>
	<source>
		<database>Unknown</database>
	</source>
	<size>
		<width>720</width>
		<height>960</height>
		<depth>3</depth>
	</size>
	<segmented>0</segmented>
	<object>
		<name>ban</name>
		<pose>Unspecified</pose>
		<truncated>0</truncated>
		<difficult>0</difficult>
		<bndbox>
			<xmin>71</xmin>
			<ymin>192</ymin>
			<xmax>530</xmax>
			<ymax>750</ymax>
		</bndbox>
	</object>
</annotation>
