<annotation>
	<folder>train</folder>
	<filename>90.jpg</filename>
	<path>D:\xladv\images\train\90.jpg</path>
	<source>
		<database>Unknown</database>
	</source>
	<size>
		<width>600</width>
		<height>600</height>
		<depth>3</depth>
	</size>
	<segmented>0</segmented>
	<object>
		<name>coc</name>
		<pose>Unspecified</pose>
		<truncated>1</truncated>
		<difficult>0</difficult>
		<bndbox>
			<xmin>317</xmin>
			<ymin>139</ymin>
			<xmax>600</xmax>
			<ymax>393</ymax>
		</bndbox>
	</object>
</annotation>
