<annotation>
	<folder>train</folder>
	<filename>91.jpg</filename>
	<path>D:\xladv\images\train\91.jpg</path>
	<source>
		<database>Unknown</database>
	</source>
	<size>
		<width>925</width>
		<height>858</height>
		<depth>3</depth>
	</size>
	<segmented>0</segmented>
	<object>
		<name>coc</name>
		<pose>Unspecified</pose>
		<truncated>1</truncated>
		<difficult>0</difficult>
		<bndbox>
			<xmin>1</xmin>
			<ymin>380</ymin>
			<xmax>323</xmax>
			<ymax>631</ymax>
		</bndbox>
	</object>
	<object>
		<name>coc</name>
		<pose>Unspecified</pose>
		<truncated>0</truncated>
		<difficult>0</difficult>
		<bndbox>
			<xmin>331</xmin>
			<ymin>476</ymin>
			<xmax>685</xmax>
			<ymax>754</ymax>
		</bndbox>
	</object>
	<object>
		<name>coc</name>
		<pose>Unspecified</pose>
		<truncated>0</truncated>
		<difficult>0</difficult>
		<bndbox>
			<xmin>626</xmin>
			<ymin>352</ymin>
			<xmax>920</xmax>
			<ymax>596</ymax>
		</bndbox>
	</object>
	<object>
		<name>coc</name>
		<pose>Unspecified</pose>
		<truncated>0</truncated>
		<difficult>0</difficult>
		<bndbox>
			<xmin>314</xmin>
			<ymin>244</ymin>
			<xmax>585</xmax>
			<ymax>459</ymax>
		</bndbox>
	</object>
</annotation>
