<annotation>
	<folder>train</folder>
	<filename>95.jpg</filename>
	<path>D:\xladv\images\train\95.jpg</path>
	<source>
		<database>Unknown</database>
	</source>
	<size>
		<width>512</width>
		<height>384</height>
		<depth>3</depth>
	</size>
	<segmented>0</segmented>
	<object>
		<name>coc</name>
		<pose>Unspecified</pose>
		<truncated>0</truncated>
		<difficult>0</difficult>
		<bndbox>
			<xmin>30</xmin>
			<ymin>133</ymin>
			<xmax>261</xmax>
			<ymax>302</ymax>
		</bndbox>
	</object>
	<object>
		<name>coc</name>
		<pose>Unspecified</pose>
		<truncated>0</truncated>
		<difficult>0</difficult>
		<bndbox>
			<xmin>261</xmin>
			<ymin>131</ymin>
			<xmax>493</xmax>
			<ymax>303</ymax>
		</bndbox>
	</object>
</annotation>
