<annotation>
	<folder>train</folder>
	<filename>96.jpg</filename>
	<path>D:\xladv\images\train\96.jpg</path>
	<source>
		<database>Unknown</database>
	</source>
	<size>
		<width>512</width>
		<height>345</height>
		<depth>3</depth>
	</size>
	<segmented>0</segmented>
	<object>
		<name>coc</name>
		<pose>Unspecified</pose>
		<truncated>0</truncated>
		<difficult>0</difficult>
		<bndbox>
			<xmin>10</xmin>
			<ymin>59</ymin>
			<xmax>262</xmax>
			<ymax>332</ymax>
		</bndbox>
	</object>
	<object>
		<name>coc</name>
		<pose>Unspecified</pose>
		<truncated>0</truncated>
		<difficult>0</difficult>
		<bndbox>
			<xmin>254</xmin>
			<ymin>57</ymin>
			<xmax>498</xmax>
			<ymax>325</ymax>
		</bndbox>
	</object>
</annotation>
