<annotation>
	<folder>train</folder>
	<filename>97.jpg</filename>
	<path>D:\xladv\images\train\97.jpg</path>
	<source>
		<database>Unknown</database>
	</source>
	<size>
		<width>646</width>
		<height>646</height>
		<depth>3</depth>
	</size>
	<segmented>0</segmented>
	<object>
		<name>ghe</name>
		<pose>Unspecified</pose>
		<truncated>0</truncated>
		<difficult>0</difficult>
		<bndbox>
			<xmin>195</xmin>
			<ymin>127</ymin>
			<xmax>462</xmax>
			<ymax>617</ymax>
		</bndbox>
	</object>
</annotation>
