<annotation>
	<folder>train</folder>
	<filename>99.jpg</filename>
	<path>D:\xladv\images\train\99.jpg</path>
	<source>
		<database>Unknown</database>
	</source>
	<size>
		<width>413</width>
		<height>620</height>
		<depth>3</depth>
	</size>
	<segmented>0</segmented>
	<object>
		<name>ghe</name>
		<pose>Unspecified</pose>
		<truncated>0</truncated>
		<difficult>0</difficult>
		<bndbox>
			<xmin>71</xmin>
			<ymin>48</ymin>
			<xmax>338</xmax>
			<ymax>566</ymax>
		</bndbox>
	</object>
</annotation>
